{
    "mod1 (Linear Regression)": {
        "r2": 0.648079515380494,
        "rmse": 68635.27064635929
    },
    "mod2 (DescisionTreeRegressor)": {
        "r2": 1.0,
        "rmse": 0.0
    },
    "mod2.1 (dt cv)": {
        "rmse": 69620.91130100285
    },
    "mod1.1 (lr cv)": {
        "rmse": 69027.45964364048
    },
    "mod3 (RandomForestRegressor)": {
        "rmse": 18490.47999527855
    },
    "mod3.1 (rf cv)": {
        "rmse": 49720.022020119024
    }
}